{"tissue_hires_scalef": 0.097751714, "tissue_lowres_scalef": 0.029325513, "fiducial_diameter_fullres": 211.05305000000004, "spot_diameter_fullres": 130.65189000000004}