{"tissue_hires_scalef": 0.10752688, "tissue_lowres_scalef": 0.032258064, "fiducial_diameter_fullres": 211.09891999999996, "spot_diameter_fullres": 130.68028000000004}