Region,Pathology_Type,GWAS,Beta,P,P.adj.fdr
ITC,Ab,AD.Jansen.2019,0.037729,0.10687,0.16296
ITC,n_Ab,AD.Jansen.2019,0.030241,0.038012,0.124467
ITC,Ab,FTD.Ferrari.2014,-0.024004,0.73286,0.73286
ITC,n_Ab,FTD.Ferrari.2014,0.015524,0.23358,0.280296
ITC,Ab,PD.Nalls.2019,0.041721,0.10864,0.16296
ITC,n_Ab,PD.Nalls.2019,0.033456,0.041489,0.124467
