AD.Jansen.2019,FTD.Ferrari.2014,PD.Nalls.2019,Region,Pathology_Type,FDR_AD,FDR_FTD,FDR_PD,Bonf_AD,Bonf_FTD,Bonf_PD,AD_Beta,FTD_Beta,PD_Beta
0.10687,0.73286,0.10864,ITC,Ab,0.10687,0.73286,0.10864,0.21374,1,0.21728,0.037729,-0.024004,0.041721
0.038012,0.23358,0.041489,ITC,n_Ab,0.076024,0.46716,0.082978,0.076024,0.46716,0.082978,0.030241,0.015524,0.033456
