AD.Jansen.2019,FTD.Ferrari.2014,PD.Nalls.2019,Region,Pathology_Type,FDR_AD,FDR_FTD,FDR_PD,Bonf_AD,Bonf_FTD,Bonf_PD,AD_Beta,FTD_Beta,PD_Beta
0.28926,0.76557,0.27202,ITC,Ab,0.67494,0.79189,0.38983,1,1,1,0.041632,-0.081655,0.052558
0.69674,0.010701,0.067224,ITC,both,0.812863333333333,0.074907,0.235284,1,0.074907,0.470568,-0.042155,0.246,0.13452
0.95007,0.67765,0.24511,ITC,next_Ab,0.95007,0.79189,0.38983,1,1,1,-0.13454,-0.048469,0.059134
0.28846,0.79189,0.27845,ITC,next_both,0.67494,0.79189,0.38983,1,1,1,0.04343,-0.081445,0.048019
0.69149,0.1397,0.64565,ITC,next_pT,0.812863333333333,0.48895,0.64565,1,0.9779,1,-0.040185,0.10723,-0.034587
0.014898,0.28923,0.03144,ITC,none,0.104286,0.67487,0.22008,0.104286,1,0.22008,0.17106,0.056173,0.16264
0.44547,0.74646,0.55575,ITC,pT,0.7795725,0.79189,0.64565,1,1,1,0.010953,-0.061994,-0.012478
