AD.Jansen.2019,FTD.Ferrari.2014,PD.Nalls.2019,Region,Pathology_Type,FDR_AD,FDR_FTD,FDR_PD,Bonf_AD,Bonf_FTD,Bonf_PD,AD_Beta,FTD_Beta,PD_Beta
0.16333,0.69278,0.18241,ITC,Ab,0.50309,0.69278,0.329175,1,1,1,0.054228,-0.038482,0.055908
0.87265,0.091237,0.052265,ITC,both,0.87754,0.26565,0.283465,1,0.638659,0.365855,-0.066124,0.10268,0.10615
0.87754,0.11385,0.29791,ITC,next_Ab,0.87754,0.26565,0.386586666666667,1,0.79695,1,-0.067298,0.089587,0.032954
0.18025,0.4779,0.1881,ITC,next_both,0.50309,0.608743333333333,0.329175,1,1,1,0.050202,0.0038814,0.054061
0.7266,0.21996,0.33136,ITC,next_pT,0.87754,0.38493,0.386586666666667,1,1,1,-0.034586,0.055481,0.028454
0.21561,0.048492,0.08099,ITC,none,0.50309,0.26565,0.283465,1,0.339444,0.56693,0.043263,0.11143,0.08636
0.53431,0.52178,0.63823,ITC,pT,0.87754,0.608743333333333,0.63823,1,1,1,-0.0049454,-0.0037398,-0.02283
