AD.Jansen.2019,FTD.Ferrari.2014,PD.Nalls.2019,Region,Pathology_Type,FDR_AD,FDR_FTD,FDR_PD,Bonf_AD,Bonf_FTD,Bonf_PD,AD_Beta,FTD_Beta,PD_Beta
0.485,0.79382,0.41681,ITC,Ab,0.856391666666667,0.79382,0.568376666666667,1,1,1,0.0039475,-0.135,0.028099
0.73405,0.040561,0.17218,ITC,both,0.856391666666667,0.191443,0.568376666666667,1,0.283927,1,-0.0698,0.26355,0.11835
0.98361,0.6206,0.48718,ITC,next_Ab,0.98361,0.724033333333333,0.568376666666667,1,1,1,-0.23588,-0.045006,0.0037913
0.21078,0.61099,0.2661,ITC,next_both,0.73773,0.724033333333333,0.568376666666667,1,1,1,0.089893,-0.037877,0.070677
0.58011,0.054698,0.88031,ITC,next_pT,0.856391666666667,0.191443,0.88031,1,0.382886,1,-0.023638,0.22288,-0.1565
0.11293,0.25465,0.26922,ITC,none,0.73773,0.594183333333333,0.568376666666667,0.79051,1,1,0.12619,0.093729,0.083806
0.6436,0.35277,0.40913,ITC,pT,0.856391666666667,0.6173475,0.568376666666667,1,1,1,-0.040969,0.05004,0.028251
