{"tissue_hires_scalef": 0.107422926, "tissue_lowres_scalef": 0.032226875, "fiducial_diameter_fullres": 211.99838000000003, "spot_diameter_fullres": 131.23709000000002}