{"tissue_hires_scalef": 0.107422926, "tissue_lowres_scalef": 0.032226875, "fiducial_diameter_fullres": 211.10322999999997, "spot_diameter_fullres": 130.68294999999998}