{"tissue_hires_scalef": 0.09766102, "tissue_lowres_scalef": 0.029298306, "fiducial_diameter_fullres": 211.79000999999997, "spot_diameter_fullres": 131.10811000000004}