{"tissue_hires_scalef": 0.097670555, "tissue_lowres_scalef": 0.029301167, "fiducial_diameter_fullres": 211.95901, "spot_diameter_fullres": 131.21272}