{"tissue_hires_scalef": 0.097670555, "tissue_lowres_scalef": 0.029301167, "fiducial_diameter_fullres": 211.25493000000003, "spot_diameter_fullres": 130.77685999999997}