{"tissue_hires_scalef": 0.10752688, "tissue_lowres_scalef": 0.032258064, "fiducial_diameter_fullres": 211.59607999999997, "spot_diameter_fullres": 130.98804999999996}