{"tissue_hires_scalef": 0.097751714, "tissue_lowres_scalef": 0.029325513, "fiducial_diameter_fullres": 212.07083000000006, "spot_diameter_fullres": 131.28194000000002}