{"process_img_scalef": 0.097670555, "tissue_hires_scalef": 0.097670555, "tissue_lowres_scalef": 0.029301167, "fiducial_diameter_fullres": 211.17285, "spot_diameter_fullres": 130.72606}