{"tissue_hires_scalef": 0.107422926, "tissue_lowres_scalef": 0.032226875, "fiducial_diameter_fullres": 211.04375000000002, "spot_diameter_fullres": 130.64613000000003}