{"tissue_hires_scalef": 0.107422926, "tissue_lowres_scalef": 0.032226875, "fiducial_diameter_fullres": 211.2922800000001, "spot_diameter_fullres": 130.79998999999998}