{"tissue_hires_scalef": 0.09766102, "tissue_lowres_scalef": 0.029298306, "fiducial_diameter_fullres": 211.49058999999994, "spot_diameter_fullres": 130.92274}